Triplet,Amino acid,Fraction_combined),Frequency/ Thousand_combined,Number_combined,Saccharomyces_cerevisiae,Fraction,Frequency/ Thousand,Number,E_coli,Fraction,Frequency/ Thousand,Number,Oryza_sativa,Fraction,Frequency/ Thousand,Number,N_benthamiana,Fraction,Frequency/ Thousand,Number
TAA,*,,,,TAA,0.47,1.1,6913,TAA,0.64,1.8,9,TAA,0.24,0.7,22360,TAA,0.32,0.7,32
TAG,*,,,,TAG,0.23,0.5,3312,TAG,0.00,0,0,TAG,0.31,0.8,28508,TAG,0.29,0.7,29
TGA,*,,,,TGA,0.30,0.7,4447,TGA,0.36,1,5,TGA,0.45,1.2,41361,TGA,0.39,0.9,39
GCA,A,,,,GCA,0.29,16.2,105910,GCA,0.21,21.1,108,GCA,0.18,17.3,591267,GCA,0.31,23.5,1029
GCC,A,,,,GCC,0.22,12.6,82357,GCC,0.31,31.6,162,GCC,0.33,30.8,1050723,GCC,0.17,12.6,550
GCG,A,,,,GCG,0.11,6.2,40358,GCG,0.38,38.5,197,GCG,0.28,26.6,908634,GCG,0.09,6.5,283
GCT,A,,,,GCT,0.38,21.2,138358,GCT,0.11,10.7,55,GCT,0.21,19.6,667854,GCT,0.44,33.2,1452
TGC,C,,,,TGC,0.37,4.8,31095,TGC,0.58,8,41,TGC,0.67,12.4,422851,TGC,0.44,7.2,315
TGT,C,,,,TGT,0.63,8.1,52903,TGT,0.42,5.9,30,TGT,0.33,6.2,211609,TGT,0.56,9.2,404
GAC,D,,,,GAC,0.35,20.2,132048,GAC,0.35,20.5,105,GAC,0.53,28.1,959498,GAC,0.30,16.4,719
GAT,D,,,,GAT,0.65,37.6,245641,GAT,0.65,37.9,194,GAT,0.47,25.3,863983,GAT,0.70,38.5,1686
GAA,E,,,,GAA,0.70,45.6,297944,GAA,0.70,43.7,224,GAA,0.36,21.6,738891,GAA,0.53,35.2,1541
GAG,E,,,,GAG,0.30,19.2,125717,GAG,0.30,18.4,94,GAG,0.64,38.6,1315826,GAG,0.47,30.9,1351
TTC,F,,,,TTC,0.41,18.4,120510,TTC,0.43,15,77,TTC,0.63,22.4,763386,TTC,0.43,17.6,771
TTT,F,,,,TTT,0.59,26.1,170666,TTT,0.57,19.7,101,TTT,0.37,13.1,446063,TTT,0.57,23.7,1036
GGA,G,,,,GGA,0.22,10.9,71216,GGA,0.13,9.2,47,GGA,0.21,15.9,542264,GGA,0.32,22.5,986
GGC,G,,,,GGC,0.19,9.8,63903,GGC,0.46,33.4,171,GGC,0.38,29.5,1005701,GGC,0.16,11.4,500
GGG,G,,,,GGG,0.12,6,39359,GGG,0.12,8.6,44,GGG,0.22,17.1,583357,GGG,0.16,11.1,485
GGT,G,,,,GGT,0.47,23.9,156109,GGT,0.29,21.3,109,GGT,0.19,14.8,505609,GGT,0.35,24.3,1065
CAC,H,,,,CAC,0.36,7.8,50785,CAC,0.45,13.1,67,CAC,0.55,13.8,470960,CAC,0.39,8.2,360
CAT,H,,,,CAT,0.64,13.6,89007,CAT,0.55,15.8,81,CAT,0.45,11.3,385174,CAT,0.61,12.9,566
ATA,I,,,,ATA,0.27,17.8,116254,ATA,0.07,3.7,19,ATA,0.21,8.8,300085,ATA,0.23,12.1,530
ATC,I,,,,ATC,0.26,17.2,112176,ATC,0.35,18.2,93,ATC,0.46,19.4,662207,ATC,0.26,13.9,610
ATT,I,,,,ATT,0.46,30.1,196893,ATT,0.58,30.5,156,ATT,0.33,14.2,483941,ATT,0.51,26.7,1170
AAA,K,,,,AAA,0.58,41.9,273618,AAA,0.73,33.2,170,AAA,0.33,16,544476,AAA,0.43,29,1269
AAG,K,,,,AAG,0.42,30.8,201361,AAG,0.27,12.1,62,AAG,0.67,32.3,1101342,AAG,0.57,38,1662
CTA,L,,,,CTA,0.14,13.4,87619,CTA,0.05,5.3,27,CTA,0.09,7.7,263871,CTA,0.10,9.2,404
CTC,L,,,,CTC,0.06,5.4,35545,CTC,0.10,10.5,54,CTC,0.29,25.8,880959,CTC,0.13,12.5,545
CTG,L,,,,CTG,0.11,10.5,68494,CTG,0.46,46.9,240,CTG,0.23,21,716525,CTG,0.12,11.9,522
CTT,L,,,,CTT,0.13,12.3,80076,CTT,0.12,11.9,61,CTT,0.17,15.2,517919,CTT,0.26,24.9,1091
TTA,L,,,,TTA,0.28,26.2,170884,TTA,0.15,15.2,78,TTA,0.07,6.1,209911,TTA,0.13,12.8,559
TTG,L,,,,TTG,0.29,27.2,177573,TTG,0.12,11.9,61,TTG,0.16,14.7,500913,TTG,0.25,24.3,1062
ATG,M,,,,ATG,1,20.9,136805,ATG,1,24.8,127,ATG,1,23.8,812432,ATG,1,23.9,1044
AAC,N,,,,AAC,0.41,24.8,162199,AAC,0.53,24.4,125,AAC,0.55,18.5,633017,AAC,0.37,16.9,741
AAT,N,,,,AAT,0.59,35.7,233124,AAT,0.47,21.9,112,AAT,0.45,15.1,515761,AAT,0.63,29.1,1272
CCA,P,,,,CCA,0.42,18.3,119641,CCA,0.14,6.6,34,CCA,0.25,14.2,486283,CCA,0.35,16.8,734
CCC,P,,,,CCC,0.15,6.8,44309,CCC,0.13,6.4,33,CCC,0.21,12.1,411848,CCC,0.13,6.4,278
CCG,P,,,,CCG,0.12,5.3,34597,CCG,0.55,26.7,137,CCG,0.31,18,613159,CCG,0.13,6.5,284
CCT,P,,,,CCT,0.31,13.5,88263,CCT,0.17,8.4,43,CCT,0.23,13.6,463459,CCT,0.39,18.9,826
CAA,Q,,,,CAA,0.69,27.3,178251,CAA,0.30,12.1,62,CAA,0.39,13.5,460234,CAA,0.51,18.1,790
CAG,Q,,,,CAG,0.31,12.1,79121,CAG,0.70,27.7,142,CAG,0.61,20.8,709469,CAG,0.49,17,745
AGA,R,,,,AGA,0.48,21.3,139081,AGA,0.02,1.4,7,AGA,0.15,10.5,358226,AGA,0.30,15.8,690
AGG,R,,,,AGG,0.21,9.2,60289,AGG,0.03,1.6,8,AGG,0.23,16,544515,AGG,0.25,13,569
CGA,R,,,,CGA,0.07,3,19562,CGA,0.07,4.3,22,CGA,0.09,6.4,219662,CGA,0.11,5.8,253
CGC,R,,,,CGC,0.06,2.6,16993,CGC,0.44,26,133,CGC,0.23,16.1,550575,CGC,0.08,4.2,183
CGG,R,,,,CGG,0.04,1.7,11351,CGG,0.07,4.1,21,CGG,0.19,13.4,458602,CGG,0.10,5.3,233
CGT,R,,,,CGT,0.14,6.4,41791,CGT,0.36,21.1,108,CGT,0.10,7.2,244821,CGT,0.15,7.7,335
AGC,S,,,,AGC,0.11,9.8,63726,AGC,0.33,16.6,85,AGC,0.20,16,545529,AGC,0.13,10.7,469
AGT,S,,,,AGT,0.16,14.2,92466,AGT,0.14,7.2,37,AGT,0.11,8.8,300879,AGT,0.18,14.7,642
TCA,S,,,,TCA,0.21,18.7,122028,TCA,0.15,7.8,40,TCA,0.16,12.4,424426,TCA,0.21,17.2,752
TCC,S,,,,TCC,0.16,14.2,92923,TCC,0.11,5.5,28,TCC,0.21,16.3,557258,TCC,0.13,10.4,453
TCG,S,,,,TCG,0.10,8.6,55951,TCG,0.16,8,41,TCG,0.16,12.3,420825,TCG,0.07,5.6,247
TCT,S,,,,TCT,0.26,23.5,153557,TCT,0.11,5.7,29,TCT,0.16,12.7,433684,TCT,0.28,22.3,974
ACA,T,,,,ACA,0.30,17.8,116084,ACA,0.13,6.4,33,ACA,0.24,11.6,394803,ACA,0.32,15.2,665
ACC,T,,,,ACC,0.22,12.7,83207,ACC,0.47,22.8,117,ACC,0.31,14.9,508156,ACC,0.21,10.1,443
ACG,T,,,,ACG,0.14,8,52045,ACG,0.24,11.5,59,ACG,0.23,11.4,388036,ACG,0.11,5.4,236
ACT,T,,,,ACT,0.35,20.3,132522,ACT,0.16,8,41,ACT,0.22,10.6,363451,ACT,0.36,17.4,762
GTA,V,,,,GTA,0.21,11.8,76927,GTA,0.17,11.5,59,GTA,0.10,6.8,231761,GTA,0.16,9.9,435
GTC,V,,,,GTC,0.21,11.8,76947,GTC,0.18,11.7,60,GTC,0.30,20.1,685971,GTC,0.17,10.6,465
GTG,V,,,,GTG,0.19,10.8,70337,GTG,0.40,26.4,135,GTG,0.36,24.3,828681,GTG,0.25,15.6,684
GTT,V,,,,GTT,0.39,22.1,144243,GTT,0.25,16.8,86,GTT,0.23,15.5,529509,GTT,0.42,26.1,1142
TGG,W,,,,TGG,1,10.4,67789,TGG,1,10.7,55,TGG,1,13.8,472543,TGG,1,12.4,542
TAC,Y,,,,TAC,0.44,14.8,96596,TAC,0.47,14.6,75,TAC,0.60,15.1,517042,TAC,0.45,12.8,562
TAT,Y,,,,TAT,0.56,18.8,122728,TAT,0.53,16.8,86,TAT,0.40,10,339638,TAT,0.55,15.8,690